student_id,question,answer
0,What happened when student with ID 0 helped a classmate in robotics?,This information is not available in the student profile.
0,"Describe the ""Digital Detective"" incident involving student with ID 0.",This information is not available in the student profile.
0,"What does the ""Fan Fixer"" story tell us about student with ID 0?",This information is not available in the student profile.
0,How did student with ID 0 help a classmate in robotics without taking over?,This information is not available in the student profile.
0,What does the Arduino alarm story reveal about student with ID 0's skills?,This information is not available in the student profile.
0,"Based on student with ID 0's interests, what kind of extracurricular activities might they enjoy in the future?","Given Anika's interests in coding, astronomy, and debate, she might enjoy participating in coding competitions, joining a robotics club, or continuing with her involvement in the astronomy club and debate team.  She might also explore other STEM-related clubs or activities."
0,"Considering student with ID 0's learning style, what teaching methods might be most effective for them?","Since Anika's learning style is visual and kinesthetic, hands-on activities, visual aids, demonstrations, and group projects would be most effective.  Incorporating real-world applications and allowing for active participation would enhance her learning experience."
0,"How might student with ID 0 approach a challenging problem in Math, given their strengths?","Anika's strengths in problem-solving and communication would allow her to approach challenging math problems systematically, breaking them down into smaller parts.  She would likely seek clarification when needed and collaborate with others to find solutions."
0,What kind of projects might student with ID 0 be interested in creating using their tech skills?,"Given her high tech savviness and interests in coding and astronomy, Anika might be interested in creating mobile apps related to astronomy, developing educational games, or building websites for scientific projects.  She could also explore creating simulations or visualizations of scientific concepts."
0,How might student with ID 0's introverted nature influence their participation in class discussions?,"The provided profile does not indicate that Anika is introverted.  In fact, it states she actively participates in class discussions. Therefore, her participation is likely to be positive and contribute to the class."
1,What happened when student with ID 1 helped a classmate in robotics?,This information is not available in the student profile.
1,"Describe the ""Digital Detective"" incident involving student with ID 1.",This information is not available in the student profile.
1,"What does the ""Fan Fixer"" story tell us about student with ID 1?",This information is not available in the student profile.
1,How did student with ID 1 help a classmate in robotics without taking over?,This information is not available in the student profile.
1,What does the Arduino alarm story reveal about student with ID 1's skills?,This information is not available in the student profile.
1,"Based on student with ID 1's interests, what kind of extracurricular activities might they enjoy in the future?","Based on his interests in music, sports, and travel, Rohan might enjoy joining a photography club (building on his hobby), participating in school band activities (given his guitar playing), or joining a travel club."
1,"Considering student with ID 1's learning style, what teaching methods might be most effective for them?","Since Rohan's learning style is auditory and kinesthetic, methods involving discussions, group work, hands-on activities, and multimedia presentations would be most effective."
1,"How might student with ID 1 approach a challenging problem in Math, given their strengths?","Given his strengths in communication and teamwork, Rohan might benefit from collaborating with classmates to discuss the problem, breaking it down into smaller parts, and explaining his thought process to others to identify areas of misunderstanding."
1,What kind of projects might student with ID 1 be interested in creating using their tech skills?,"Given his use of Google Classroom, YouTube, and Quizlet, and his medium tech savviness, Rohan might be interested in creating digital presentations, educational videos, or interactive quizzes using these platforms or similar tools."
1,How might student with ID 1's introverted nature influence their participation in class discussions?,"This information is not available in the student profile. The profile indicates Rohan is outgoing, not introverted."
